,Fold,Epoch,Training Accuracy,Model
0,0,0,0.5200400801603207,Pareto
1,0,1,0.5172845691382766,Pareto
2,0,2,0.5275551102204409,Pareto
3,0,3,0.5258016032064128,Pareto
4,0,4,0.5220661985957874,Pareto
5,0,0,1.0,Regularized_Selection_0.2
6,0,1,1.0,Regularized_Selection_0.2
7,0,2,1.0,Regularized_Selection_0.2
8,0,3,1.0,Regularized_Selection_0.2
9,0,4,1.0,Regularized_Selection_0.2
10,0,0,1.0,Regularized_Selection_0.5
11,0,1,1.0,Regularized_Selection_0.5
12,0,2,1.0,Regularized_Selection_0.5
13,0,3,1.0,Regularized_Selection_0.5
14,0,4,1.0,Regularized_Selection_0.5
15,0,0,1.0,Regularized_Selection_0.7
16,0,1,1.0,Regularized_Selection_0.7
17,0,2,1.0,Regularized_Selection_0.7
18,0,3,1.0,Regularized_Selection_0.7
19,0,4,1.0,Regularized_Selection_0.7
20,0,0,0.996993987975952,Decoupled_Classifier_0.2
21,0,1,0.9902304609218436,Decoupled_Classifier_0.2
22,0,2,0.9919839679358717,Decoupled_Classifier_0.2
23,0,3,0.9902304609218436,Decoupled_Classifier_0.2
24,0,4,0.9902206619859579,Decoupled_Classifier_0.2
25,0,0,0.9967434869739479,Decoupled_Classifier_0.5
26,0,1,0.9902304609218436,Decoupled_Classifier_0.5
27,0,2,0.9919839679358717,Decoupled_Classifier_0.5
28,0,3,0.9902304609218436,Decoupled_Classifier_0.5
29,0,4,0.9902206619859579,Decoupled_Classifier_0.5
30,0,0,0.996993987975952,Decoupled_Classifier_0.7
31,0,1,0.9902304609218436,Decoupled_Classifier_0.7
32,0,2,0.9902304609218436,Decoupled_Classifier_0.7
33,0,3,0.9902304609218436,Decoupled_Classifier_0.7
34,0,4,0.9902206619859579,Decoupled_Classifier_0.7
35,0,0,1.0,RandomForestClassifier_0
36,0,1,1.0,RandomForestClassifier_0
37,0,2,1.0,RandomForestClassifier_0
38,0,3,1.0,RandomForestClassifier_0
39,0,4,1.0,RandomForestClassifier_0
40,0,0,1.0,RPT_RandomForestClassifier_0
41,0,1,1.0,RPT_RandomForestClassifier_0
42,0,2,1.0,RPT_RandomForestClassifier_0
43,0,3,0.999749498997996,RPT_RandomForestClassifier_0
44,0,4,1.0,RPT_RandomForestClassifier_0
45,0,0,0.9095691382765531,Massage_RandomForestClassifier_0
46,0,1,1.0,Massage_RandomForestClassifier_0
47,0,2,1.0,Massage_RandomForestClassifier_0
48,0,3,1.0,Massage_RandomForestClassifier_0
49,0,4,1.0,Massage_RandomForestClassifier_0
50,0,0,1.0,RandomForestClassifier_1
51,0,1,1.0,RandomForestClassifier_1
52,0,2,1.0,RandomForestClassifier_1
53,0,3,1.0,RandomForestClassifier_1
54,0,4,1.0,RandomForestClassifier_1
55,0,0,1.0,RPT_RandomForestClassifier_1
56,0,1,1.0,RPT_RandomForestClassifier_1
57,0,2,1.0,RPT_RandomForestClassifier_1
58,0,3,1.0,RPT_RandomForestClassifier_1
59,0,4,1.0,RPT_RandomForestClassifier_1
60,0,0,0.9115731462925851,Massage_RandomForestClassifier_1
61,0,1,1.0,Massage_RandomForestClassifier_1
62,0,2,1.0,Massage_RandomForestClassifier_1
63,0,3,1.0,Massage_RandomForestClassifier_1
64,0,4,1.0,Massage_RandomForestClassifier_1
65,0,0,1.0,RandomForestClassifier_2
66,0,1,1.0,RandomForestClassifier_2
67,0,2,1.0,RandomForestClassifier_2
68,0,3,1.0,RandomForestClassifier_2
69,0,4,1.0,RandomForestClassifier_2
70,0,0,1.0,RPT_RandomForestClassifier_2
71,0,1,1.0,RPT_RandomForestClassifier_2
72,0,2,1.0,RPT_RandomForestClassifier_2
73,0,3,1.0,RPT_RandomForestClassifier_2
74,0,4,1.0,RPT_RandomForestClassifier_2
75,0,0,0.9108216432865731,Massage_RandomForestClassifier_2
76,0,1,1.0,Massage_RandomForestClassifier_2
77,0,2,1.0,Massage_RandomForestClassifier_2
78,0,3,1.0,Massage_RandomForestClassifier_2
79,0,4,1.0,Massage_RandomForestClassifier_2
80,0,0,1.0,XGBClassifier_3
81,0,1,1.0,XGBClassifier_3
82,0,2,1.0,XGBClassifier_3
83,0,3,1.0,XGBClassifier_3
84,0,4,1.0,XGBClassifier_3
85,0,0,1.0,RPT_XGBClassifier_3
86,0,1,1.0,RPT_XGBClassifier_3
87,0,2,1.0,RPT_XGBClassifier_3
88,0,3,1.0,RPT_XGBClassifier_3
89,0,4,1.0,RPT_XGBClassifier_3
90,0,0,0.9316132264529058,Massage_XGBClassifier_3
91,0,1,1.0,Massage_XGBClassifier_3
92,0,2,1.0,Massage_XGBClassifier_3
93,0,3,1.0,Massage_XGBClassifier_3
94,0,4,1.0,Massage_XGBClassifier_3
95,0,0,1.0,XGBClassifier_4
96,0,1,1.0,XGBClassifier_4
97,0,2,1.0,XGBClassifier_4
98,0,3,1.0,XGBClassifier_4
99,0,4,1.0,XGBClassifier_4
100,0,0,1.0,RPT_XGBClassifier_4
101,0,1,1.0,RPT_XGBClassifier_4
102,0,2,1.0,RPT_XGBClassifier_4
103,0,3,1.0,RPT_XGBClassifier_4
104,0,4,1.0,RPT_XGBClassifier_4
105,0,0,0.9083166332665331,Massage_XGBClassifier_4
106,0,1,1.0,Massage_XGBClassifier_4
107,0,2,1.0,Massage_XGBClassifier_4
108,0,3,1.0,Massage_XGBClassifier_4
109,0,4,1.0,Massage_XGBClassifier_4
110,0,0,1.0,XGBClassifier_5
111,0,1,1.0,XGBClassifier_5
112,0,2,1.0,XGBClassifier_5
113,0,3,1.0,XGBClassifier_5
114,0,4,1.0,XGBClassifier_5
115,0,0,1.0,RPT_XGBClassifier_5
116,0,1,1.0,RPT_XGBClassifier_5
117,0,2,1.0,RPT_XGBClassifier_5
118,0,3,1.0,RPT_XGBClassifier_5
119,0,4,1.0,RPT_XGBClassifier_5
120,0,0,0.9085671342685371,Massage_XGBClassifier_5
121,0,1,1.0,Massage_XGBClassifier_5
122,0,2,1.0,Massage_XGBClassifier_5
123,0,3,1.0,Massage_XGBClassifier_5
124,0,4,1.0,Massage_XGBClassifier_5
125,0,0,0.9654308617234469,GaussianNB_6
126,0,1,0.970440881763527,GaussianNB_6
127,0,2,0.9666833667334669,GaussianNB_6
128,0,3,0.9679358717434869,GaussianNB_6
129,0,4,0.9663991975927784,GaussianNB_6
130,0,0,0.9666833667334669,RPT_GaussianNB_6
131,0,1,0.970691382765531,RPT_GaussianNB_6
132,0,2,0.968687374749499,RPT_GaussianNB_6
133,0,3,0.969939879759519,RPT_GaussianNB_6
134,0,4,0.9676529588766299,RPT_GaussianNB_6
135,0,0,0.9253507014028056,Massage_GaussianNB_6
136,0,1,0.970440881763527,Massage_GaussianNB_6
137,0,2,0.9666833667334669,Massage_GaussianNB_6
138,0,3,0.9679358717434869,Massage_GaussianNB_6
139,0,4,0.9663991975927784,Massage_GaussianNB_6
140,0,0,0.9030561122244489,MLPClassifier_7
141,0,1,0.9852204408817635,MLPClassifier_7
142,0,2,0.9889779559118237,MLPClassifier_7
143,0,3,0.9842184368737475,MLPClassifier_7
144,0,4,0.9842026078234705,MLPClassifier_7
145,0,0,0.9574148296593187,RPT_MLPClassifier_7
146,0,1,0.9804609218436874,RPT_MLPClassifier_7
147,0,2,0.9869739478957916,RPT_MLPClassifier_7
148,0,3,0.968937875751503,RPT_MLPClassifier_7
149,0,4,0.9902206619859579,RPT_MLPClassifier_7
150,0,0,0.970691382765531,Massage_MLPClassifier_7
151,0,1,0.8992985971943888,Massage_MLPClassifier_7
152,0,2,0.9892284569138277,Massage_MLPClassifier_7
153,0,3,0.9864729458917836,Massage_MLPClassifier_7
154,0,4,0.9842026078234705,Massage_MLPClassifier_7
155,0,0,0.9008016032064128,MLPClassifier_8
156,0,1,0.9048096192384769,MLPClassifier_8
157,0,2,0.9772044088176353,MLPClassifier_8
158,0,3,0.936623246492986,MLPClassifier_8
159,0,4,0.9651454363089268,MLPClassifier_8
160,0,0,0.9842184368737475,RPT_MLPClassifier_8
161,0,1,0.9040581162324649,RPT_MLPClassifier_8
162,0,2,0.9714428857715431,RPT_MLPClassifier_8
163,0,3,0.876002004008016,RPT_MLPClassifier_8
164,0,4,0.7615346038114343,RPT_MLPClassifier_8
165,0,0,0.8549599198396793,Massage_MLPClassifier_8
166,0,1,0.8925350701402806,Massage_MLPClassifier_8
167,0,2,0.9105711422845691,Massage_MLPClassifier_8
168,0,3,0.9230961923847696,Massage_MLPClassifier_8
169,0,4,0.9468405215646941,Massage_MLPClassifier_8
170,0,0,0.968937875751503,MLPClassifier_9
171,0,1,0.8409318637274549,MLPClassifier_9
172,0,2,0.8975450901803608,MLPClassifier_9
173,0,3,0.8997995991983968,MLPClassifier_9
174,0,4,0.9089769307923772,MLPClassifier_9
175,0,0,0.8942885771543087,RPT_MLPClassifier_9
176,0,1,0.9574148296593187,RPT_MLPClassifier_9
177,0,2,0.9005511022044088,RPT_MLPClassifier_9
178,0,3,0.9436372745490982,RPT_MLPClassifier_9
179,0,4,0.9287863590772317,RPT_MLPClassifier_9
180,0,0,0.9173346693386774,Massage_MLPClassifier_9
181,0,1,0.9093186372745491,Massage_MLPClassifier_9
182,0,2,0.9070641282565131,Massage_MLPClassifier_9
183,0,3,0.9098196392785571,Massage_MLPClassifier_9
184,0,4,0.8944332998996991,Massage_MLPClassifier_9
185,0,0,0.8910320641282565,MLPClassifier_10
186,0,1,0.9198396793587175,MLPClassifier_10
187,0,2,0.9135771543086172,MLPClassifier_10
188,0,3,0.9797094188376754,MLPClassifier_10
189,0,4,0.7153961885656971,MLPClassifier_10
190,0,0,0.9797094188376754,RPT_MLPClassifier_10
191,0,1,0.9724448897795591,RPT_MLPClassifier_10
192,0,2,0.9849699398797596,RPT_MLPClassifier_10
193,0,3,0.9739478957915831,RPT_MLPClassifier_10
194,0,4,0.8994483450351053,RPT_MLPClassifier_10
195,0,0,0.4877254509018036,Massage_MLPClassifier_10
196,0,1,0.9839679358717435,Massage_MLPClassifier_10
197,0,2,0.9719438877755511,Massage_MLPClassifier_10
198,0,3,0.967685370741483,Massage_MLPClassifier_10
199,0,4,0.9729187562688064,Massage_MLPClassifier_10
