Fold,Epoch,Validation Accuracy,Model,Validation Positive Parity,Training Accuracy,Validation Accuracy Parity,Validation Counterfactual Invariance,Validation Recall Parity,Validation TNR Parity
0,0,0.5325977933801405,Pareto,0.0,0.5200400801603207,0.1251249886373965,1.0,0.0,0.0
0,1,0.5436308926780341,Pareto,0.0,0.5172845691382766,0.1401836245970782,1.0,0.0,0.0
0,2,0.5025075225677031,Pareto,0.0,0.5275551102204409,0.1219908157079627,1.0,0.0,0.0
0,3,0.5095285857572718,Pareto,0.0,0.5258016032064128,0.124404613725002,1.0,0.0,0.0
0,4,0.5244755244755245,Pareto,0.0,0.5220661985957874,0.1684113865932048,1.0,0.0,0.0
0,0,0.99197592778335,Regularized_Selection_0.2,1.3432354634427173,1.0,0.0138169257340241,1.0,1.0033333333333334,0.0033222591362126
0,1,0.9849548645937812,Regularized_Selection_0.2,1.4020319303338171,1.0,0.0133368135829169,0.9989969909729188,1.0002164970772895,0.0002150537634408
0,2,0.9869608826479438,Regularized_Selection_0.2,1.2951345795842384,1.0,0.0097655763433895,1.0,1.0036657681940702,0.0036315086782376
0,3,0.9859578736208626,Regularized_Selection_0.2,1.2925019425019426,1.0,0.0073852792299394,1.0,1.0063492063492063,0.0063091482649841
0,4,0.99000999000999,Regularized_Selection_0.2,1.4661818181818185,1.0,0.0081726354453627,1.0,1.0,0.0
0,0,0.99197592778335,Regularized_Selection_0.5,1.3432354634427173,1.0,0.0138169257340241,1.0,1.0033333333333334,0.0033222591362126
0,1,0.9849548645937812,Regularized_Selection_0.5,1.4202401372212694,1.0,0.0133368135829169,0.9989969909729188,1.006318082788671,0.0062365591397849
0,2,0.9869608826479438,Regularized_Selection_0.5,1.2985275475377864,1.0,0.0139051510093586,1.0,1.006831906264083,0.0067467734757454
0,3,0.9869608826479438,Regularized_Selection_0.5,1.2965034965034967,1.0,0.0056758775205376,1.0,1.0031645569620251,0.003154574132492
0,4,0.99000999000999,Regularized_Selection_0.5,1.4661818181818185,1.0,0.0081726354453627,1.0,1.0,0.0
0,0,0.9929789368104311,Regularized_Selection_0.7,1.338860103626943,1.0,0.0120898100172711,1.0,1.0033333333333334,0.0033222591362126
0,1,0.9829488465396188,Regularized_Selection_0.7,1.3795326173646087,1.0,0.0208980701187427,0.9979939819458375,1.0169491525423728,0.0166666666666667
0,2,0.9849548645937812,Regularized_Selection_0.7,1.2905119453924914,1.0,0.0173181202926351,0.9989969909729188,1.0132244897959184,0.012977303070761
0,3,0.9869608826479438,Regularized_Selection_0.7,1.2965034965034967,1.0,0.0056758775205376,1.0,1.0031645569620251,0.003154574132492
0,4,0.991008991008991,Regularized_Selection_0.7,1.461818181818182,1.0,0.0065197428833791,1.0,1.0,0.0
0,0,0.9909729187562688,Decoupled_Classifier_0.2,1.338860103626943,0.996993987975952,0.0155440414507772,1.0,1.0066889632107023,0.0066445182724252
0,1,0.9849548645937812,Decoupled_Classifier_0.2,1.366306967453373,0.9902304609218436,0.0133368135829169,0.9909729187562688,1.0135135135135136,0.0133333333333333
0,2,0.9869608826479438,Decoupled_Classifier_0.2,1.2712244027303754,0.9919839679358716,0.0097655763433895,0.9929789368104311,1.0132244897959184,0.012977303070761
0,3,0.9859578736208626,Decoupled_Classifier_0.2,1.3005050505050506,0.9902304609218436,0.0073852792299394,0.9989969909729188,1.0031645569620251,0.003154574132492
0,4,0.988011988011988,Decoupled_Classifier_0.2,1.443467790487658,0.990220661985958,0.0073002754820936,0.994005994005994,1.0061349693251531,0.0060975609756097
0,0,0.9899699097291876,Decoupled_Classifier_0.5,1.3432354634427173,0.996743486973948,0.0090322367388088,1.0,1.0027550441617372,0.0027383469243934
0,1,0.9839518555667,Decoupled_Classifier_0.5,1.3577138418719052,0.9902304609218436,0.0109213546457188,0.9809428284854564,1.0135135135135136,0.0133333333333333
0,2,0.9869608826479438,Decoupled_Classifier_0.5,1.2712244027303754,0.9919839679358716,0.0097655763433895,0.99197592778335,1.0132244897959184,0.012977303070761
0,3,0.9859578736208626,Decoupled_Classifier_0.5,1.3005050505050506,0.9902304609218436,0.0073852792299394,0.9989969909729188,1.0031645569620251,0.003154574132492
0,4,0.988011988011988,Decoupled_Classifier_0.5,1.443467790487658,0.990220661985958,0.0073002754820936,0.994005994005994,1.0061349693251531,0.0060975609756097
0,0,0.99197592778335,Decoupled_Classifier_0.7,1.3344847438111689,0.996993987975952,0.0138169257340241,1.0,1.0066889632107023,0.0066445182724252
0,1,0.9859578736208626,Decoupled_Classifier_0.7,1.3750095596027574,0.9902304609218436,0.015752272520115,0.9939819458375124,1.0135135135135136,0.0133333333333333
0,2,0.9849548645937812,Decoupled_Classifier_0.7,1.2871645206329507,0.9902304609218436,0.0131785456266659,1.0,1.0100180831826402,0.0098620382732532
0,3,0.9859578736208626,Decoupled_Classifier_0.7,1.3005050505050506,0.9902304609218436,0.0073852792299394,0.9989969909729188,1.0031645569620251,0.003154574132492
0,4,0.989010989010989,Decoupled_Classifier_0.7,1.4530909090909092,0.990220661985958,0.0098255280073461,0.995004995004995,1.0061349693251531,0.0060975609756097
0,0,0.99197592778335,RandomForestClassifier_0,1.3344847438111689,1.0,0.0138169257340241,1.0,1.0066889632107023,0.0066445182724252
0,1,0.9899699097291876,RandomForestClassifier_0,1.397479878611954,1.0,0.0130219338586853,1.0,1.0033444816053512,0.0033333333333332
0,2,0.9879638916750252,RandomForestClassifier_0,1.302535348610434,1.0,0.0121986663677204,0.9989969909729188,1.0036657681940702,0.0036315086782376
0,3,0.9849548645937812,RandomForestClassifier_0,1.2965034965034967,1.0,0.0090946809393411,1.0,1.0063492063492063,0.0063091482649841
0,4,0.988011988011988,RandomForestClassifier_0,1.4661818181818185,1.0,0.0114784205693295,1.0,1.003058103975535,0.0030487804878048
0,0,0.9929789368104311,RPT_RandomForestClassifier_0,1.33514368354246,1.0,0.0079703498029105,1.0,1.0,0.0
0,1,0.9859578736208626,RPT_RandomForestClassifier_0,1.4021479061738646,1.0,0.0074908229133002,1.0,1.0064935064935066,0.0064516129032258
0,2,0.9859578736208626,RPT_RandomForestClassifier_0,1.302535348610434,1.0,0.0156116356509968,1.0,1.006831906264083,0.0067467734757454
0,3,0.9859578736208626,RPT_RandomForestClassifier_0,1.2925019425019426,0.999749498997996,0.0073852792299394,1.0,1.0063492063492063,0.0063091482649841
0,4,0.991008991008991,RPT_RandomForestClassifier_0,1.461818181818182,1.0,0.0065197428833791,1.0,1.0,0.0
0,0,0.9869608826479438,Massage_RandomForestClassifier_0,1.3438416879955053,0.9095691382765532,0.0183330441034286,0.9979939819458375,1.0066889632107023,0.0066445182724252
0,1,0.9869608826479438,Massage_RandomForestClassifier_0,1.3973330382338296,1.0,0.0140370066539057,0.9989969909729188,1.003584229390681,0.0035483870967741
0,2,0.9869608826479438,Massage_RandomForestClassifier_0,1.2985275475377864,1.0,0.0139051510093586,1.0,1.006831906264083,0.0067467734757454
0,3,0.9879638916750252,Massage_RandomForestClassifier_0,1.303912087912088,1.0,0.008103061986557,1.0,1.0031645569620251,0.003154574132492
0,4,0.991008991008991,Massage_RandomForestClassifier_0,1.461818181818182,1.0,0.0065197428833791,1.0,1.0,0.0
0,0,0.9929789368104311,RandomForestClassifier_1,1.338860103626943,1.0,0.0120898100172711,1.0,1.0033333333333334,0.0033222591362126
0,1,0.9869608826479438,RandomForestClassifier_1,1.4111360337775434,1.0,0.018167731457313,0.995987963891675,1.0033444816053512,0.0033333333333332
0,2,0.9859578736208626,RandomForestClassifier_1,1.2911495501085946,1.0,0.0114720609850277,0.9989969909729188,1.006831906264083,0.0067467734757454
0,3,0.9859578736208626,RandomForestClassifier_1,1.2925019425019426,1.0,0.0073852792299394,0.9989969909729188,1.0063492063492063,0.0063091482649841
0,4,0.991008991008991,RandomForestClassifier_1,1.461818181818182,1.0,0.0065197428833791,1.0,1.0,0.0
0,0,0.9929789368104311,RPT_RandomForestClassifier_1,1.338860103626943,1.0,0.0120898100172711,1.0,1.0033333333333334,0.0033222591362126
0,1,0.9859578736208626,RPT_RandomForestClassifier_1,1.3977679831513126,1.0,0.0116215477167076,1.0,1.0,0.0
0,2,0.9839518555667,RPT_RandomForestClassifier_1,1.30708966801117,1.0,0.0148850302683042,1.0,1.0036657681940702,0.0036315086782376
0,3,0.9869608826479438,RPT_RandomForestClassifier_1,1.2965034965034967,1.0,0.0056758775205376,1.0,1.0031645569620251,0.003154574132492
0,4,0.989010989010989,RPT_RandomForestClassifier_1,1.461818181818182,1.0,0.0098255280073461,0.999000999000999,1.003058103975535,0.0030487804878048
0,0,0.99197592778335,Massage_RandomForestClassifier_1,1.3344847438111689,0.9115731462925852,0.0138169257340241,1.0,1.0066889632107023,0.0066445182724252
0,1,0.9889669007021064,Massage_RandomForestClassifier_1,1.4111360337775434,1.0,0.0147371997248945,1.0,1.0,0.0
0,2,0.9849548645937812,Massage_RandomForestClassifier_1,1.2871645206329507,1.0,0.0131785456266659,0.9989969909729188,1.0100180831826402,0.0098620382732532
0,3,0.9859578736208626,Massage_RandomForestClassifier_1,1.2925019425019426,1.0,0.0073852792299394,1.0,1.0063492063492063,0.0063091482649841
0,4,0.991008991008991,Massage_RandomForestClassifier_1,1.461818181818182,1.0,0.0065197428833791,1.0,1.0,0.0
0,0,0.9909729187562688,RandomForestClassifier_2,1.338860103626943,1.0,0.0155440414507772,0.9989969909729188,1.0066889632107023,0.0066445182724252
0,1,0.9859578736208626,RandomForestClassifier_2,1.4110772976262933,1.0,0.015752272520115,1.0,1.0002164970772895,0.0002150537634408
0,2,0.9879638916750252,RandomForestClassifier_2,1.302535348610434,1.0,0.0121986663677204,1.0,1.0036657681940702,0.0036315086782376
0,3,0.9869608826479438,RandomForestClassifier_2,1.2965034965034967,1.0,0.0056758775205376,1.0,1.0031645569620251,0.003154574132492
0,4,0.991008991008991,RandomForestClassifier_2,1.461818181818182,1.0,0.0065197428833791,1.0,1.0,0.0
0,0,0.9939819458375124,RPT_RandomForestClassifier_2,1.3344847438111689,1.0,0.0103626943005181,0.9989969909729188,1.0033333333333334,0.0033222591362126
0,1,0.9879638916750252,RPT_RandomForestClassifier_2,1.4065839820556802,1.0,0.0164524655911038,1.0,1.0033444816053512,0.0033333333333332
0,2,0.9879638916750252,RPT_RandomForestClassifier_2,1.302535348610434,1.0,0.0121986663677204,1.0,1.0036657681940702,0.0036315086782376
0,3,0.9859578736208626,RPT_RandomForestClassifier_2,1.2925019425019426,1.0,0.0073852792299394,1.0,1.0063492063492063,0.0063091482649841
0,4,0.991008991008991,RPT_RandomForestClassifier_2,1.461818181818182,1.0,0.0065197428833791,1.0,1.0,0.0
0,0,0.9899699097291876,Massage_RandomForestClassifier_2,1.3344847438111689,0.9108216432865732,0.0172711571675302,0.9989969909729188,1.0100671140939597,0.0099667774086378
0,1,0.9879638916750252,Massage_RandomForestClassifier_2,1.4065839820556802,1.0,0.0164524655911038,1.0,1.0033444816053512,0.0033333333333332
0,2,0.9839518555667,Massage_RandomForestClassifier_2,1.283179491157307,1.0,0.0148850302683042,0.9979939819458375,1.0132244897959184,0.012977303070761
0,3,0.9869608826479438,Massage_RandomForestClassifier_2,1.2965034965034967,1.0,0.0056758775205376,1.0,1.0031645569620251,0.003154574132492
0,4,0.991008991008991,Massage_RandomForestClassifier_2,1.461818181818182,1.0,0.0065197428833791,0.999000999000999,1.0,0.0
0,0,0.9909729187562688,XGBClassifier_3,1.338860103626943,1.0,0.0155440414507772,1.0,1.0066889632107023,0.0066445182724252
0,1,0.9849548645937812,XGBClassifier_3,1.4017954601144995,1.0,0.0133368135829169,1.0,1.0004359197907584,0.0004301075268816
0,2,0.9829488465396188,XGBClassifier_3,1.293897846298694,1.0,0.0083123655780041,0.9939819458375124,1.001578231292517,0.0015487316421896
0,3,0.9869608826479438,XGBClassifier_3,1.2885003885003887,1.0,0.0056758775205376,1.0,1.0063492063492063,0.0063091482649841
0,4,0.99000999000999,XGBClassifier_3,1.462843197071385,1.0,0.0123507805325987,0.999000999000999,1.0061349693251531,0.0060975609756097
0,0,0.9909729187562688,RPT_XGBClassifier_3,1.338860103626943,1.0,0.0155440414507772,1.0,1.0066889632107023,0.0066445182724252
0,1,0.9849548645937812,RPT_XGBClassifier_3,1.4017954601144995,1.0,0.0133368135829169,1.0,1.0004359197907584,0.0004301075268816
0,2,0.9829488465396188,RPT_XGBClassifier_3,1.293897846298694,1.0,0.0083123655780041,0.9939819458375124,1.001578231292517,0.0015487316421896
0,3,0.9869608826479438,RPT_XGBClassifier_3,1.2885003885003887,1.0,0.0056758775205376,1.0,1.0063492063492063,0.0063091482649841
0,4,0.99000999000999,RPT_XGBClassifier_3,1.462843197071385,1.0,0.0123507805325987,0.999000999000999,1.0061349693251531,0.0060975609756097
0,0,0.99197592778335,Massage_XGBClassifier_3,1.3344847438111689,0.9316132264529058,0.0138169257340241,0.995987963891675,1.0066889632107023,0.0066445182724252
0,1,0.9849548645937812,Massage_XGBClassifier_3,1.4017954601144995,1.0,0.0133368135829169,1.0,1.0004359197907584,0.0004301075268816
0,2,0.9829488465396188,Massage_XGBClassifier_3,1.293897846298694,1.0,0.0083123655780041,0.9939819458375124,1.001578231292517,0.0015487316421896
0,3,0.9869608826479438,Massage_XGBClassifier_3,1.2885003885003887,1.0,0.0056758775205376,1.0,1.0063492063492063,0.0063091482649841
0,4,0.99000999000999,Massage_XGBClassifier_3,1.462843197071385,1.0,0.0123507805325987,0.999000999000999,1.0061349693251531,0.0060975609756097
0,0,0.9889669007021064,XGBClassifier_4,1.3301093839953946,1.0,0.0189982728842832,0.9979939819458375,1.0134680134680134,0.0132890365448504
0,1,0.9839518555667,XGBClassifier_4,1.3971842908378072,1.0,0.0150520794491261,0.9989969909729188,1.003827227993439,0.003763440860215
0,2,0.9809428284854564,XGBClassifier_4,1.305431158634023,1.0,0.0075857601953115,0.9969909729187564,1.0042629939334318,0.0041655540720961
0,3,0.9869608826479438,XGBClassifier_4,1.2885003885003887,1.0,0.0056758775205376,1.0,1.0063492063492063,0.0063091482649841
0,4,0.99000999000999,XGBClassifier_4,1.462843197071385,1.0,0.0123507805325987,0.999000999000999,1.0061349693251531,0.0060975609756097
0,0,0.9889669007021064,RPT_XGBClassifier_4,1.3301093839953946,1.0,0.0189982728842832,0.9979939819458375,1.0134680134680134,0.0132890365448504
0,1,0.9839518555667,RPT_XGBClassifier_4,1.3971842908378072,1.0,0.0150520794491261,0.9989969909729188,1.003827227993439,0.003763440860215
0,2,0.9809428284854564,RPT_XGBClassifier_4,1.305431158634023,1.0,0.0075857601953115,0.9969909729187564,1.0042629939334318,0.0041655540720961
0,3,0.9869608826479438,RPT_XGBClassifier_4,1.2885003885003887,1.0,0.0056758775205376,1.0,1.0063492063492063,0.0063091482649841
0,4,0.99000999000999,RPT_XGBClassifier_4,1.462843197071385,1.0,0.0123507805325987,0.999000999000999,1.0061349693251531,0.0060975609756097
0,0,0.9829488465396188,Massage_XGBClassifier_4,1.281540301069994,0.9083166332665332,0.0046442058986373,0.9939819458375124,1.014155110426297,0.0138729487566696
0,1,0.9839518555667,Massage_XGBClassifier_4,1.3971842908378072,1.0,0.0150520794491261,0.9989969909729188,1.003827227993439,0.003763440860215
0,2,0.9809428284854564,Massage_XGBClassifier_4,1.305431158634023,1.0,0.0075857601953115,0.9969909729187564,1.0042629939334318,0.0041655540720961
0,3,0.9869608826479438,Massage_XGBClassifier_4,1.2885003885003887,1.0,0.0056758775205376,1.0,1.0063492063492063,0.0063091482649841
0,4,0.99000999000999,Massage_XGBClassifier_4,1.462843197071385,1.0,0.0123507805325987,0.999000999000999,1.0061349693251531,0.0060975609756097
0,0,0.9909729187562688,XGBClassifier_5,1.3301093839953946,1.0,0.0155440414507772,0.9979939819458375,1.0100671140939597,0.0099667774086378
0,1,0.9849548645937812,XGBClassifier_5,1.3925731215611148,1.0,0.0133368135829169,0.9989969909729188,1.003827227993439,0.003763440860215
0,2,0.9799398194583752,XGBClassifier_5,1.324800910125142,1.0,0.0010130955050114,0.9989969909729188,1.0193736290069864,0.0187093902981753
0,3,0.9859578736208626,XGBClassifier_5,1.2844988344988346,1.0,0.0073852792299394,0.9989969909729188,1.0095541401273886,0.0094637223974763
0,4,0.991008991008991,XGBClassifier_5,1.458450274557657,1.0,0.0106978879706153,0.998001998001998,1.0061349693251531,0.0060975609756097
0,0,0.9909729187562688,RPT_XGBClassifier_5,1.3301093839953946,1.0,0.0155440414507772,0.9979939819458375,1.0100671140939597,0.0099667774086378
0,1,0.9849548645937812,RPT_XGBClassifier_5,1.3925731215611148,1.0,0.0133368135829169,0.9989969909729188,1.003827227993439,0.003763440860215
0,2,0.9799398194583752,RPT_XGBClassifier_5,1.324800910125142,1.0,0.0010130955050114,0.9989969909729188,1.0193736290069864,0.0187093902981753
0,3,0.9859578736208626,RPT_XGBClassifier_5,1.2844988344988346,1.0,0.0073852792299394,0.9989969909729188,1.0095541401273886,0.0094637223974763
0,4,0.991008991008991,RPT_XGBClassifier_5,1.458450274557657,1.0,0.0106978879706153,0.998001998001998,1.0061349693251531,0.0060975609756097
0,0,0.9769307923771314,Massage_XGBClassifier_5,1.307171107091394,0.9085671342685372,0.0150069001991555,0.9949849548645938,1.014155110426297,0.0138729487566696
0,1,0.9849548645937812,Massage_XGBClassifier_5,1.3925731215611148,1.0,0.0133368135829169,0.9989969909729188,1.003827227993439,0.003763440860215
0,2,0.9799398194583752,Massage_XGBClassifier_5,1.324800910125142,1.0,0.0010130955050114,0.9989969909729188,1.0193736290069864,0.0187093902981753
0,3,0.9859578736208626,Massage_XGBClassifier_5,1.2844988344988346,1.0,0.0073852792299394,0.9989969909729188,1.0095541401273886,0.0094637223974763
0,4,0.991008991008991,Massage_XGBClassifier_5,1.458450274557657,1.0,0.0106978879706153,0.998001998001998,1.0061349693251531,0.0060975609756097
0,0,0.9719157472417252,GaussianNB_6,1.3916807124872546,0.9654308617234468,0.0112840981398385,0.9989969909729188,1.0248447204968945,0.0242424242424242
0,1,0.9598796389167502,GaussianNB_6,1.4424313893653515,0.970440881763527,0.0314341114177045,1.0,1.0029411764705882,0.0029032258064516
0,2,0.9658976930792376,GaussianNB_6,1.3318058058825786,0.9666833667334668,0.0124851564900393,0.9979939819458375,1.0138274033994643,0.0135113484646195
0,3,0.966900702106319,GaussianNB_6,1.2847187001033151,0.9679358717434868,0.0150443946560451,0.9989969909729188,1.012779552715655,0.0126182965299684
0,4,0.972027972027972,GaussianNB_6,1.4727272727272729,0.9663991975927784,0.0044995408631771,1.0,1.014465937762826,0.0141727092946605
0,0,0.9729187562688064,RPT_GaussianNB_6,1.3833472950472114,0.9666833667334668,0.0136764426374461,0.9979939819458375,1.0185185185185186,0.0181818181818181
0,1,0.9598796389167502,RPT_GaussianNB_6,1.4424313893653515,0.970691382765531,0.0314341114177045,1.0,1.0029411764705882,0.0029032258064516
0,2,0.9679037111334002,RPT_GaussianNB_6,1.3170079635949945,0.968687374749499,0.0173513365387011,0.9949849548645938,1.0021068553832857,0.002082777036048
0,3,0.966900702106319,RPT_GaussianNB_6,1.2738498902433328,0.969939879759519,0.010907808480624,0.9949849548645938,1.012779552715655,0.0126182965299684
0,4,0.973026973026973,RPT_GaussianNB_6,1.4493506493506492,0.96765295887663,0.0112029384756657,0.995004995004995,1.0024116424116425,0.0023895847066578
0,0,0.921765295887663,Massage_GaussianNB_6,1.5179132899340153,0.9253507014028056,0.009466081595888,0.9929789368104311,1.1231791464349603,0.1067552602436323
0,1,0.9598796389167502,Massage_GaussianNB_6,1.4424313893653515,0.970440881763527,0.0314341114177045,1.0,1.0029411764705882,0.0029032258064516
0,2,0.9658976930792376,Massage_GaussianNB_6,1.3318058058825786,0.9666833667334668,0.0124851564900393,0.9979939819458375,1.0138274033994643,0.0135113484646195
0,3,0.966900702106319,Massage_GaussianNB_6,1.2847187001033151,0.9679358717434868,0.0150443946560451,0.9989969909729188,1.012779552715655,0.0126182965299684
0,4,0.972027972027972,Massage_GaussianNB_6,1.4727272727272729,0.9663991975927784,0.0044995408631771,1.0,1.014465937762826,0.0141727092946605
0,0,0.9067201604814444,MLPClassifier_7,1.223082985394973,0.9030561122244488,0.016515027559478,0.9989969909729188,1.0027550441617372,0.0027383469243934
0,1,0.9699097291875628,MLPClassifier_7,1.334164977389677,0.9852204408817636,0.0101507279522046,0.9989969909729188,1.0169491525423728,0.0166666666666667
0,2,0.978936810431294,MLPClassifier_7,1.2811063544358738,0.9889779559118236,0.010998729478588,0.9979939819458375,1.008562241616904,0.0082955051179349
0,3,0.9819458375125376,MLPClassifier_7,1.3381196581196582,0.9842184368737475,0.0142228860675462,0.9979939819458375,1.0049091893304465,0.0048235639351478
0,4,0.978021978021978,MLPClassifier_7,1.4588235294117646,0.9842026078234704,0.0071166207529844,0.999000999000999,1.003733200597312,0.0037079762689519
0,0,0.962888665997994,RPT_MLPClassifier_7,1.3567387290810553,0.9574148296593188,0.0185892191618943,0.9749247743229688,1.0060975609756098,0.0060606060606061
0,1,0.9719157472417252,RPT_MLPClassifier_7,1.3639501317826217,0.9804609218436874,0.0108509210231934,0.9979939819458375,1.0067114093959733,0.0066666666666667
0,2,0.978936810431294,RPT_MLPClassifier_7,1.26165117100153,0.9869739478957916,0.0068591548126188,0.9939819458375124,1.011815668202765,0.0114107699154427
0,3,0.966900702106319,RPT_MLPClassifier_7,1.3568207059732484,0.968937875751503,0.0274541531823084,0.970912738214644,1.002674931281938,0.00265937935588
0,4,0.982017982017982,RPT_MLPClassifier_7,1.464935064935065,0.990220661985958,0.0088613406795224,0.997002997002997,1.00201850294365,0.001977587343441
0,0,0.9729187562688064,Massage_MLPClassifier_7,1.3581390328151988,0.970691382765531,0.0069208584343571,1.0,1.0330948121645795,0.0312896405919661
0,1,0.8796389167502507,Massage_MLPClassifier_7,1.2678241224950844,0.8992985971943888,0.000704336225255,1.0,1.0067114093959733,0.0066666666666667
0,2,0.9769307923771314,Massage_MLPClassifier_7,1.2858361774744027,0.9892284569138275,0.0102721240958952,0.9989969909729188,1.0053296703296704,0.0051802403204271
0,3,0.9859578736208626,Massage_MLPClassifier_7,1.3189862160960428,0.9864729458917836,0.0032486930545182,0.9989969909729188,1.008573019113008,0.0084733328442521
0,4,0.98001998001998,Massage_MLPClassifier_7,1.4781456953642382,0.9842026078234704,0.0121671258034894,1.0,1.003733200597312,0.0037079762689519
0,0,0.8956870611835507,MLPClassifier_8,1.2009749326102046,0.9008016032064128,0.0222335159613589,0.9989969909729188,1.0,0.0
0,1,0.8866599799398195,MLPClassifier_8,1.2655605183159826,0.9048096192384768,0.0003190228784978,1.0,1.0101010101010102,0.01
0,2,0.9618856569709128,MLPClassifier_8,1.282377769250964,0.9772044088176352,0.0013867782732533,0.9979939819458375,1.0105615074842338,0.0098976412995104
0,3,0.9297893681043128,MLPClassifier_8,1.275597418454561,0.936623246492986,0.0038337067463281,0.9969909729187564,1.0053813323436631,0.00531875871176
0,4,0.9590409590409592,MLPClassifier_8,1.5058823529411764,0.9651454363089268,0.0301652892561983,0.998001998001998,1.0013364517206815,0.0013183915622939
0,0,0.9829488465396188,RPT_MLPClassifier_8,1.3250136905514134,0.9842184368737475,0.0005247456842766,0.995987963891675,1.007820721817544,0.0076311285613611
0,1,0.8866599799398195,RPT_MLPClassifier_8,1.2558281016316148,0.9040581162324648,0.0044497476819052,0.9989969909729188,1.0101010101010102,0.01
0,2,0.9648946840521564,RPT_MLPClassifier_8,1.2366175678103106,0.9714428857715433,0.002366657532199,0.9658976930792376,1.009433962264151,0.0093457943925233
0,3,0.880641925777332,RPT_MLPClassifier_8,1.2158982024452876,0.876002004008016,0.0075470915276739,1.0,1.0,0.0
0,4,0.7662337662337663,RPT_MLPClassifier_8,1.4433566433566436,0.7615346038114343,0.0859504132231405,0.936063936063936,1.009755317447625,0.0050263678312458
0,0,0.8776328986960883,Massage_MLPClassifier_8,1.2745261092987057,0.8549599198396793,0.0006156465114741,0.9989969909729188,1.0248447204968945,0.0207792207792207
0,1,0.872617853560682,Massage_MLPClassifier_8,1.2590051457975986,0.8925350701402806,0.0052203743754195,0.9989969909729188,1.003584229390681,0.0035483870967741
0,2,0.8936810431293881,Massage_MLPClassifier_8,1.2216266884583953,0.9105711422845691,0.0012539132889896,0.9979939819458375,1.001578231292517,0.0015487316421896
0,3,0.9197592778335004,Massage_MLPClassifier_8,1.2726972970627792,0.9230961923847696,0.0002447929632396,0.9939819458375124,1.0108907916478895,0.0106375174235199
0,4,0.95004995004995,Massage_MLPClassifier_8,1.5211267605633805,0.946840521564694,0.0157943067033975,0.994005994005994,1.02759480149546,0.0255438365194462
0,0,0.9658976930792376,MLPClassifier_9,1.4199636276292764,0.968937875751503,0.0154283494888894,0.9949849548645938,1.0705924323842226,0.0637471056075706
0,1,0.8535606820461384,MLPClassifier_9,1.6105815989107175,0.8409318637274549,0.0025853282621125,0.9909729187562688,1.1678819444444444,0.1039784946236559
0,2,0.8786359077231695,MLPClassifier_9,1.212359824475865,0.8975450901803608,0.0046336663262001,1.0,1.0022012050665026,0.0021005785491766
0,3,0.9037111334002006,MLPClassifier_9,1.2077961498522247,0.8997995991983968,0.0179072276159654,1.0,1.002674931281938,0.00265937935588
0,4,0.9150849150849152,MLPClassifier_9,1.498683385579937,0.9089769307923772,0.027685950413223,0.994005994005994,1.021181001283697,0.0190342781806196
0,0,0.8966900702106319,RPT_MLPClassifier_9,1.2139990891827563,0.8942885771543087,0.0198411714637513,0.9939819458375124,1.006707202407071,0.0064633041377227
0,1,0.9448345035105316,RPT_MLPClassifier_9,1.3386171408292424,0.9574148296593188,0.0158558513767701,0.9769307923771314,1.0135135135135136,0.0133333333333333
0,2,0.8816449348044132,RPT_MLPClassifier_9,1.1999660320592658,0.9005511022044088,0.0138926949170838,0.9899699097291876,1.005465704105807,0.0052158433466844
0,3,0.9488465396188566,RPT_MLPClassifier_9,1.2591556591556592,0.9436372745490982,0.016857522197328,0.9749247743229688,1.0203588959523615,0.018560633849314
0,4,0.934065934065934,RPT_MLPClassifier_9,1.5884192240880135,0.9287863590772316,0.0631313131313131,0.958041958041958,1.003733200597312,0.0037079762689519
0,0,0.9267803410230692,Massage_MLPClassifier_9,1.2718014801292206,0.9173346693386774,0.0024956408921502,0.9989969909729188,1.0005878179791223,0.0005839122118191
0,1,0.9127382146439318,Massage_MLPClassifier_9,1.4551640750217925,0.9093186372745492,0.0129142118477638,0.995987963891675,1.0502732240437158,0.0395698924731182
0,2,0.8886659979939819,Massage_MLPClassifier_9,1.2129113567335692,0.9070641282565132,0.0031389352532323,0.995987963891675,1.0100180831826402,0.0098620382732532
0,3,0.905717151454363,Massage_MLPClassifier_9,1.225834542815675,0.9098196392785572,0.0130528586839265,1.0,1.0058479532163742,0.0058139534883721
0,4,0.914085914085914,Massage_MLPClassifier_9,1.4206611570247936,0.8944332998996991,0.0168044077134985,0.999000999000999,1.003733200597312,0.0037079762689519
0,0,0.8946840521564694,MLPClassifier_10,1.2133920390506538,0.8910320641282565,0.0163869400302452,0.9989969909729188,1.0,0.0
0,1,0.8936810431293881,MLPClassifier_10,1.2789597047228185,0.9198396793587176,0.0083277400750739,1.0,1.014460511679644,0.0139784946236558
0,2,0.8966900702106319,MLPClassifier_10,1.2306361395525216,0.9135771543086172,0.006045356784003,0.9979939819458375,1.006269592476489,0.0062305295950155
0,3,0.9819458375125376,MLPClassifier_10,1.3245143745143746,0.9797094188376754,0.0142228860675462,0.9949849548645938,1.0,0.0
0,4,0.7172827172827173,MLPClassifier_10,1.75368782161235,0.7153961885656971,0.0708448117539026,0.995004995004995,1.2004141739530605,0.0717699406723796
0,0,0.9819458375125376,RPT_MLPClassifier_10,1.3317671290187625,0.9797094188376754,0.0146102420441116,0.995987963891675,1.005832295558323,0.0056579079834893
0,1,0.966900702106319,RPT_MLPClassifier_10,1.3761637191695748,0.9724448897795592,0.0070350759440176,0.9879638916750252,1.0046296296296295,0.0043010752688171
0,2,0.97592778335005,RPT_MLPClassifier_10,1.30708966801117,0.9849699398797596,0.0119786087375335,0.9949849548645938,1.0015938564080271,0.0015665331553181
0,3,0.9689067201604814,RPT_MLPClassifier_10,1.300197238658777,0.9739478957915833,0.0116255912372417,0.995987963891675,1.0031645569620251,0.003154574132492
0,4,0.908091908091908,RPT_MLPClassifier_10,1.44,0.8994483450351053,0.0392561983471073,0.987012987012987,1.0133628051843666,0.0109591298615688
0,0,0.4754262788365095,Massage_MLPClassifier_10,1.0008016232871564,0.4877254509018036,0.122464073513978,1.0,1.0033333333333334,0.0033222591362126
0,1,0.9749247743229688,Massage_MLPClassifier_10,1.3847341337907375,0.9839679358717436,0.0057051234245656,0.9989969909729188,1.006318082788671,0.0062365591397849
0,2,0.9558676028084252,Massage_MLPClassifier_10,1.335367617284665,0.9719438877755512,0.0171312789085141,0.9969909729187564,1.0129218971778282,0.0124788607031597
0,3,0.9658976930792376,Massage_MLPClassifier_10,1.2840345658025216,0.967685370741483,0.0126172101900257,1.0,1.0101185152057246,0.0099589171740884
0,4,0.971028971028971,Massage_MLPClassifier_10,1.488860435339309,0.9729187562688064,0.0145087235996326,0.999000999000999,1.0080435910742085,0.0076631509558338
